{"cameraMode":{"drawMode":0,"name":"Shaded","section":"Shading Mode"},"sceneLighting":false,"audioPlay":false,"sceneViewState":{"showFog":true,"showMaterialUpdate":false,"showSkybox":false,"showFlares":true,"showImageEffects":true,"showParticleSystems":true},"in2DMode":false,"pivot":{"x":-3.150277853012085,"y":0.17604979872703553,"z":-0.8767530918121338},"rotation":{"x":0.03744182363152504,"y":-0.9328837990760803,"z":0.343504399061203,"w":0.10172291100025177},"size":3.2894303798675539,"orthographic":false}