{"cameraMode":{"drawMode":0,"name":"Shaded","section":"Shading Mode"},"sceneLighting":false,"audioPlay":false,"sceneViewState":{"showFog":true,"showMaterialUpdate":false,"showSkybox":false,"showFlares":true,"showImageEffects":true,"showParticleSystems":true},"in2DMode":false,"pivot":{"x":-2.216676712036133,"y":-0.4768843650817871,"z":-1.6536693572998047},"rotation":{"x":0.003150726668536663,"y":0.9722383618354797,"z":-0.23360960185527802,"w":0.013111618347465992},"size":1.4142138957977296,"orthographic":false}