{"cameraMode":{"drawMode":0,"name":"Shaded","section":"Shading Mode"},"sceneLighting":false,"audioPlay":false,"sceneViewState":{"showFog":true,"showMaterialUpdate":false,"showSkybox":false,"showFlares":true,"showImageEffects":true,"showParticleSystems":true},"in2DMode":false,"pivot":{"x":-2.216676712036133,"y":-0.4768843650817871,"z":-1.6536693572998047},"rotation":{"x":0.025636939331889154,"y":-0.9723615050315857,"z":0.12940967082977296,"w":0.1926649510860443},"size":1.4142138957977296,"orthographic":false}